season,year,amazon_lobby,facebook_lobby,google_lobby,apple_lobby,microsoft_lobby,amazon_link,facebook_link,google_link,apple_link,microsoft_link
2021 2nd Quarter - Report,2021,4860000.0,4770000.0,2090000.0,1640000.0,2470000.0,https://lda.senate.gov//filings/public/filing/532894c6-bc65-4e48-b7e9-8c2747fa5426/print/,https://lda.senate.gov//filings/public/filing/20bc0f7b-a3d0-4c00-bc5d-72a405ff16e7/print/,https://lda.senate.gov//filings/public/filing/bf977a89-15c2-41f5-b59d-7e7a6e17b210/print/,https://lda.senate.gov//filings/public/filing/008a3286-d6d5-4601-afe3-f4c4361785fc/print/,https://lda.senate.gov//filings/public/filing/fad755f6-ba3a-480c-a3a1-678bb14c0a5a/print/
2021 1st Quarter - Report,2021,4800000.0,4790000.0,2690000.0,1460000.0,2590000.0,https://lda.senate.gov//filings/public/filing/a87a3a40-7aa3-4b09-a90a-1ae233f3f69f/print/,https://lda.senate.gov//filings/public/filing/75504307-e84f-4819-9573-25c28867b498/print/,https://lda.senate.gov//filings/public/filing/047f925e-aa0c-46fa-95aa-f78c29b4f5ee/print/,https://lda.senate.gov//filings/public/filing/931b23da-8021-4f33-8f4b-70e571dba9b8/print/,https://lda.senate.gov//filings/public/filing/d50d3ddf-86ca-40e6-8f35-91d66edc8d92/print/
2020 4th Quarter - Report,2020,4740000.0,4690000.0,2110000.0,1450000.0,2190000.0,https://lda.senate.gov//filings/public/filing/57ffc505-528c-4de6-a5fc-9c3c9a01b798/print/,https://lda.senate.gov//filings/public/filing/9caddbc5-946a-4148-8ef3-acc0a97e721f/print/,https://lda.senate.gov//filings/public/filing/65749c45-3697-492e-8430-520cfa2fd6ad/print/,https://lda.senate.gov//filings/public/filing/cad6db2f-c3ca-4b9d-bc24-4c56fc7eaadb/print/,https://lda.senate.gov//filings/public/filing/0906e6e8-20f7-4e95-a649-68381ad16c87/print/
2020 3rd Quarter - Report,2020,4410000.0,4900000.0,1930000.0,1560000.0,1880000.0,https://lda.senate.gov//filings/public/filing/1c54ad52-6bd7-4474-aeb4-c2ebaaa907c7/print/,https://lda.senate.gov//filings/public/filing/ea1e8c52-74eb-43bf-8582-ef65b3bda9e1/print/,https://lda.senate.gov//filings/public/filing/40df1c3a-c0d4-42cd-898a-e4ff6dac3eab/print/,https://lda.senate.gov//filings/public/filing/67075ae6-8819-47be-b100-9f463dcc67b2/print/,https://lda.senate.gov//filings/public/filing/11832112-0bf4-489a-a552-b64a87401620/print/
2020 3rd Quarter - Amendment,2020,0.0,4900000.0,0.0,1560000.0,0.0,0,https://lda.senate.gov//filings/public/filing/ddb2d021-2469-4697-a44c-c3aaf959f7d8/print/,0,https://lda.senate.gov//filings/public/filing/ca972322-9352-425e-be3f-ba820f6fc1f7/print/,0
2020 2nd Quarter - Report,2020,4380000.0,4830000.0,1690000.0,1480000.0,2910000.0,https://lda.senate.gov//filings/public/filing/106caa54-c04c-46db-9da3-8d5965289bb2/print/,https://lda.senate.gov//filings/public/filing/75293ed8-7f43-4c8b-be3e-c4cf9c93ef3e/print/,https://lda.senate.gov//filings/public/filing/5756a20c-4639-49e2-9165-f0667b361579/print/,https://lda.senate.gov//filings/public/filing/eeb911a4-7ef2-4cab-aa6c-d28cb3bebb9e/print/,https://lda.senate.gov//filings/public/filing/7c4170d0-26c2-4834-933a-2634d4c6ddeb/print/
2020 1st Quarter - Report,2020,4330000.0,5260000.0,1800000.0,2160000.0,2394000.0,https://lda.senate.gov//filings/public/filing/cf82cd3c-d32f-4109-93a7-c9cac01d35e5/print/,https://lda.senate.gov//filings/public/filing/f2d81986-685c-46d9-88d1-9dcaa19c8605/print/,https://lda.senate.gov//filings/public/filing/c240fbf5-2122-417f-bffd-a23c3bcd6089/print/,https://lda.senate.gov//filings/public/filing/fed6cf52-7b65-4485-a59f-c8fa4ce3dcb0/print/,https://lda.senate.gov//filings/public/filing/3d902e09-369a-46e1-994e-bef8c5eec3e8/print/
2019 4th Quarter - Report,2019,4210000.0,4430000.0,2740000.0,1830000.0,2390000.0,https://lda.senate.gov//filings/public/filing/a5dcb1c8-7de1-4714-915b-df78c54ee722/print/,https://lda.senate.gov//filings/public/filing/dae7fc20-eba1-466f-b060-fc3b8d558506/print/,https://lda.senate.gov//filings/public/filing/bff68596-4897-4059-8c4a-0d6f2c2f32c3/print/,https://lda.senate.gov//filings/public/filing/8275edbc-398e-45b9-8f6c-0ddf5e0fe6c9/print/,https://lda.senate.gov//filings/public/filing/0c933ba6-4275-4794-b007-778dc23cddae/print/
2019 4th Quarter - Amendment,2019,0.0,0.0,0.0,1890000.0,0.0,0,0,0,https://lda.senate.gov//filings/public/filing/170f74d5-0d12-4912-8d40-5fff4866e3ff/print/,0
2019 3rd Quarter - Report,2019,4030000.0,4770000.0,2770000.0,1780000.0,2250000.0,https://lda.senate.gov//filings/public/filing/f70c588e-bc9c-4bc1-9bf4-3eb0d7e1b8ed/print/,https://lda.senate.gov//filings/public/filing/3f2a4226-94f6-47d0-9756-48e11ea492ae/print/,https://lda.senate.gov//filings/public/filing/42881a03-713b-4652-aafb-b556c9b55300/print/,https://lda.senate.gov//filings/public/filing/bf01e747-610a-404d-83e1-b194af974855/print/,https://lda.senate.gov//filings/public/filing/71f0c89e-fa75-4d93-a4a2-5b6cfd028e63/print/
2019 2nd Quarter - Report,2019,4010000.0,4110000.0,2940000.0,1810000.0,2740000.0,https://lda.senate.gov//filings/public/filing/11501764-f4f1-4ca4-8591-bd883301c395/print/,https://lda.senate.gov//filings/public/filing/00cad027-52b1-46eb-aac9-e871a0f18c49/print/,https://lda.senate.gov//filings/public/filing/65fbb30e-d962-4675-b879-4ce1e3329d85/print/,https://lda.senate.gov//filings/public/filing/61936668-c2b7-4b4e-a0a5-407ef8ed580e/print/,https://lda.senate.gov//filings/public/filing/4e6bfa78-6ae4-4b23-965a-a06df48f3f0d/print/
2019 1st Quarter - Report,2019,3890000.0,3400000.0,3360000.0,1930000.0,2790000.0,https://lda.senate.gov//filings/public/filing/4dff7532-6335-4510-b249-1358362f9bde/print/,https://lda.senate.gov//filings/public/filing/af507649-b307-4b02-8d1a-196f05a197c5/print/,https://lda.senate.gov//filings/public/filing/13f92882-f4e7-45b5-9f9f-40ef9d87a993/print/,https://lda.senate.gov//filings/public/filing/da4cfcaa-1beb-46f8-a334-35aee8227bbf/print/,https://lda.senate.gov//filings/public/filing/133afa37-ba04-4d3e-bd00-c15cc4abe5a0/print/
2018 4th Quarter - Report,2018,3710000.0,2830000.0,4900000.0,1530000.0,2340000.0,https://lda.senate.gov//filings/public/filing/f53236d0-d984-4473-b39e-0282aa855b73/print/,https://lda.senate.gov//filings/public/filing/a0e9745e-6d06-483e-b7b5-0f4f22b59988/print/,https://lda.senate.gov//filings/public/filing/a06c6f99-ae17-41f8-89f0-c3a71829fae6/print/,https://lda.senate.gov//filings/public/filing/87ced0cd-9e75-459c-81b2-1bedec824d60/print/,https://lda.senate.gov//filings/public/filing/3bb846c5-adf6-4b3c-b2fc-4167e08d0b37/print/
2018 3rd Quarter - Report,2018,3630000.0,2820000.0,5460000.0,1330000.0,2240000.0,https://lda.senate.gov//filings/public/filing/70dcd1ce-394b-4d13-9af9-506bc5eb5652/print/,https://lda.senate.gov//filings/public/filing/f40c6fd4-f713-4c2a-b9e3-89eabbf39f52/print/,https://lda.senate.gov//filings/public/filing/eb56d39d-a667-45f2-b1d4-3f155ed7f10f/print/,https://lda.senate.gov//filings/public/filing/1e574e75-c3e3-4963-8a4c-dd85350afc60/print/,https://lda.senate.gov//filings/public/filing/0b7bed71-6ae2-4375-a3fc-551280fbaa3a/print/
2018 2nd Quarter - Report,2018,3470000.0,3670000.0,5830000.0,1620000.0,2640000.0,https://lda.senate.gov//filings/public/filing/4a1d97b7-7149-4ecd-913b-3a6b9f8fba43/print/,https://lda.senate.gov//filings/public/filing/ec492847-d3dc-447e-add4-dab4dba46ef6/print/,https://lda.senate.gov//filings/public/filing/362e89f8-d39e-48b9-a33c-311148379f2f/print/,https://lda.senate.gov//filings/public/filing/e8956390-98aa-47df-806a-e1f32f8a400c/print/,https://lda.senate.gov//filings/public/filing/b1094538-b2bd-4b84-a0fb-7f7d2d83f4e7/print/
2018 2nd Quarter - Amendment,2018,0.0,0.0,5830000.0,1680000.0,0.0,0,0,https://lda.senate.gov//filings/public/filing/2ee51c0a-e53c-4dbe-981f-5fcc60bfa800/print/,https://lda.senate.gov//filings/public/filing/f3fe30d2-86ab-4ddc-bdba-55cc952f959e/print/,0
2018 1st Quarter - Report,2018,3380000.0,3300000.0,5020000.0,2140000.0,2300000.0,https://lda.senate.gov//filings/public/filing/5dab3f18-708d-4acd-a67e-e2af8177540e/print/,https://lda.senate.gov//filings/public/filing/5b785e8b-b0b2-489e-9d7b-bb25f40c3ca5/print/,https://lda.senate.gov//filings/public/filing/f0996706-c49e-44ed-bd85-1dc4d3ce2e7b/print/,https://lda.senate.gov//filings/public/filing/dc4ecbfc-b71a-4e6a-a4b8-bfd72e7772bc/print/,https://lda.senate.gov//filings/public/filing/6bba5be0-7b9d-47c4-abf6-34707a6e0aed/print/
2017 4th Quarter - Report,2017,3320000.0,3070000.0,4420000.0,1610000.0,2180000.0,https://lda.senate.gov//filings/public/filing/66f00011-a806-4fc6-a47a-ab744b633b27/print/,https://lda.senate.gov//filings/public/filing/9a0fd12e-a96b-418a-bcdd-8b9d5be48688/print/,https://lda.senate.gov//filings/public/filing/dbf023e3-e1d3-416e-93ab-2a35277ffe09/print/,https://lda.senate.gov//filings/public/filing/0936194e-c495-41db-8f85-fedd6e7129e4/print/,https://lda.senate.gov//filings/public/filing/974fd427-8c52-464a-a0af-cfb022a4c56a/print/
2017 4th Quarter - Amendment,2017,0.0,0.0,0.0,1660000.0,0.0,0,0,0,https://lda.senate.gov//filings/public/filing/788a33a5-5d18-43a1-bf9c-fc49d845b0ee/print/,0
2017 3rd Quarter - Report,2017,3410000.0,2850000.0,4170000.0,1860000.0,1950000.0,https://lda.senate.gov//filings/public/filing/8fbc28b7-e74a-4f14-ba82-fde29b697cbb/print/,https://lda.senate.gov//filings/public/filing/1183bad1-706e-41c4-b88a-b4e7fb331bf1/print/,https://lda.senate.gov//filings/public/filing/5c7b115e-183a-4402-adb2-82ed87a01f7f/print/,https://lda.senate.gov//filings/public/filing/95a9c9be-9c2a-4c22-ab70-300083f748b3/print/,https://lda.senate.gov//filings/public/filing/7ea78ccf-0dc2-4046-9b22-09d5c6878ba9/print/
2017 2nd Quarter - Report,2017,3210000.0,2380000.0,5930000.0,2200000.0,2070000.0,https://lda.senate.gov//filings/public/filing/28e3539b-17d6-4025-aefa-1b1dc0c45887/print/,https://lda.senate.gov//filings/public/filing/ce52d180-6bf8-4496-9614-2ece333b3bfc/print/,https://lda.senate.gov//filings/public/filing/8cf63bdb-f5a6-4547-8a3b-3e24714dc8ff/print/,https://lda.senate.gov//filings/public/filing/2a55cf53-677b-4730-af05-13548e8dd5a3/print/,https://lda.senate.gov//filings/public/filing/51da8097-6d28-4c21-ad59-45cb95666448/print/
2017 2nd Quarter - Amendment,2017,0.0,0.0,0.0,2230000.0,0.0,0,0,0,https://lda.senate.gov//filings/public/filing/db8c8b00-fba2-4dbc-90bd-c31764606b79/print/,0
2017 1st Quarter - Report,2017,2900000.0,3210000.0,3520000.0,1400000.0,2300000.0,https://lda.senate.gov//filings/public/filing/1138d649-6673-4355-a53b-8d5d76e0957a/print/,https://lda.senate.gov//filings/public/filing/18ffb6dd-3c79-4252-b955-47db417cc8c1/print/,https://lda.senate.gov//filings/public/filing/310c44d8-8065-49e8-8489-a66d233a0ee5/print/,https://lda.senate.gov//filings/public/filing/12c6b640-1f99-4441-ae65-2f8178caf922/print/,https://lda.senate.gov//filings/public/filing/433bf5c8-8547-48df-84b9-75fd4de27386/print/
2016 4th Quarter - Report,2016,2660000.0,1700000.0,3580000.0,1350000.0,2400000.0,https://lda.senate.gov//filings/public/filing/6d1cf467-a47a-4e94-bdf3-4f9a935f3839/print/,https://lda.senate.gov//filings/public/filing/76f755f5-3add-4dcd-a832-ce8affd62cb4/print/,https://lda.senate.gov//filings/public/filing/b903c8cd-ab0f-4a60-bee8-5cfc8bf6affd/print/,https://lda.senate.gov//filings/public/filing/47c0c80c-4760-4a2a-ab2c-a6ed5c6a9173/print/,https://lda.senate.gov//filings/public/filing/57241d89-0855-423d-a6db-944b5a1b38a7/print/
2016 3rd Quarter - Report,2016,2710000.0,2020000.0,3810000.0,1070000.0,2220000.0,https://lda.senate.gov//filings/public/filing/67c6f981-f324-4f9e-9231-9bdeef886915/print/,https://lda.senate.gov//filings/public/filing/15a9b300-0910-455d-b0ed-2c58835c3959/print/,https://lda.senate.gov//filings/public/filing/7ef0916d-a6db-483d-ac41-6df0ee0e0898/print/,https://lda.senate.gov//filings/public/filing/f8c62b5b-80bd-43ec-8396-61bd963b83e2/print/,https://lda.senate.gov//filings/public/filing/0458557f-0257-4de5-b57e-b12eecabe487/print/
2016 2nd Quarter - Report,2016,3000000.0,2190000.0,4240000.0,1120000.0,2070000.0,https://lda.senate.gov//filings/public/filing/ce8114ce-ff40-48ac-ade2-ff1ca99dfa36/print/,https://lda.senate.gov//filings/public/filing/4afa95fd-b3e3-443b-bde3-f4dcc76d3fb4/print/,https://lda.senate.gov//filings/public/filing/04b49514-f9d0-4146-90db-d41611dfe15b/print/,https://lda.senate.gov//filings/public/filing/942aa6a0-9ee4-4f80-aba0-fc8902697048/print/,https://lda.senate.gov//filings/public/filing/4064f258-cde1-4467-8726-c26aa110e8d4/print/
2016 1st Quarter - Report,2016,2650000.0,2782000.0,3800000.0,1130000.0,2020000.0,https://lda.senate.gov//filings/public/filing/87759ccd-06d0-4198-8ed4-1793247f562e/print/,https://lda.senate.gov//filings/public/filing/d6d33eed-b285-4666-8dfa-20ed2c99fabf/print/,https://lda.senate.gov//filings/public/filing/5a12bb4d-9618-409f-8756-659a80b1ca70/print/,https://lda.senate.gov//filings/public/filing/78c8704b-1c29-4ece-9df5-eac747ba6cdf/print/,https://lda.senate.gov//filings/public/filing/e9792b72-911d-46ae-825f-238634e4de67/print/
2015 4th Quarter - Report,2015,2990000.0,2130000.0,3290000.0,1030000.0,2470000.0,https://lda.senate.gov//filings/public/filing/aa5cdbf4-f1df-4bb6-95cd-fe5e8da0ec20/print/,https://lda.senate.gov//filings/public/filing/e367d800-15aa-4389-af96-2ff59196d43f/print/,https://lda.senate.gov//filings/public/filing/56b1a359-d67f-4792-91c6-298bbb2fa8de/print/,https://lda.senate.gov//filings/public/filing/25fd6cbc-38f0-492a-9b2a-7648ca53c470/print/,https://lda.senate.gov//filings/public/filing/343f35cf-2b3e-42ad-91f6-e83bd8f813be/print/
2015 4th Quarter - Amendment,2015,0.0,0.0,0.0,1070000.0,0.0,0,0,0,https://lda.senate.gov//filings/public/filing/371ca7f6-0d18-4ded-93db-a31765a4457a/print/,0
2015 3rd Quarter - Report,2015,2020000.0,2590000.0,3650000.0,980000.0,1890000.0,https://lda.senate.gov//filings/public/filing/35b2aac4-f48b-43a7-ba3d-88ebc60bfcd3/print/,https://lda.senate.gov//filings/public/filing/0023d775-e84d-4c5f-a75a-9427cbfbdb47/print/,https://lda.senate.gov//filings/public/filing/e2771979-7c62-400a-b2c2-f62e68ac2772/print/,https://lda.senate.gov//filings/public/filing/7e95da17-0e67-4713-b72a-5fbfd8191ff8/print/,https://lda.senate.gov//filings/public/filing/ada25799-e70e-488b-b329-5e2234aabc5e/print/
2015 2nd Quarter - Report,2015,2150000.0,2690000.0,4620000.0,1230000.0,2240000.0,https://lda.senate.gov//filings/public/filing/2ce4b902-5f03-4198-90f3-d2d4e2c44b07/print/,https://lda.senate.gov//filings/public/filing/6b1c05ce-1f5e-451b-bb1a-4e49cad87dd1/print/,https://lda.senate.gov//filings/public/filing/06a99360-1da5-43c8-b30e-0b2bcb91082b/print/,https://lda.senate.gov//filings/public/filing/4be6794a-9260-431a-b1b4-099f0dc15399/print/,https://lda.senate.gov//filings/public/filing/2d63356a-e7ee-42c9-944d-9fccea2ef743/print/
2015 1st Quarter - Report,2015,1910000.0,2440000.0,5470000.0,1240000.0,1890000.0,https://lda.senate.gov//filings/public/filing/c16a28ec-8726-42f8-813a-f39a87af0a9f/print/,https://lda.senate.gov//filings/public/filing/d4922577-11f3-4933-bccf-2368989df4d5/print/,https://lda.senate.gov//filings/public/filing/0c714fc6-1080-4f9c-acdb-dca892e6997d/print/,https://lda.senate.gov//filings/public/filing/5b29be07-d197-4717-8fc6-ace75334b80d/print/,https://lda.senate.gov//filings/public/filing/e3973a1f-4d52-42ad-8d21-f8e8a6d7cb57/print/
2015 1st Quarter - Amendment,2015,0.0,0.0,5100000.0,0.0,0.0,0,0,https://lda.senate.gov//filings/public/filing/c39d04e4-bf51-4b03-92d5-184fe2312dbe/print/,0,0
2014 4th Quarter - Report,2014,1670000.0,1990000.0,3780000.0,1190000.0,2250000.0,https://lda.senate.gov//filings/public/filing/a310e434-0303-4af5-834d-607238a87528/print/,https://lda.senate.gov//filings/public/filing/5146beb7-6842-4c48-966b-d36ef3a78e1c/print/,https://lda.senate.gov//filings/public/filing/33d2a369-a146-41b4-bfe9-36b60c0f6512/print/,https://lda.senate.gov//filings/public/filing/e8908801-3837-4b83-9c96-fa19dcb571fc/print/,https://lda.senate.gov//filings/public/filing/6ce9e3cc-552f-41e2-b589-0130f06bba68/print/
2014 3rd Quarter - Report,2014,1180000.0,2450000.0,3940000.0,1010000.0,1660000.0,https://lda.senate.gov//filings/public/filing/058ba22d-ea6a-4ec5-a387-2f7e42bd216f/print/,https://lda.senate.gov//filings/public/filing/7c27b88f-f2d0-449c-9311-9477dfba99b3/print/,https://lda.senate.gov//filings/public/filing/82763eb2-6a98-4ae3-b7dd-39c4a16f7a5f/print/,https://lda.senate.gov//filings/public/filing/03721bfe-d622-4764-8354-0681f7df8d4d/print/,https://lda.senate.gov//filings/public/filing/592cc79e-0836-4430-ac25-f76a4cf183cd/print/
2014 2nd Quarter - Report,2014,1060000.0,2120000.0,5030000.0,840000.0,2340000.0,https://lda.senate.gov//filings/public/filing/e05ca871-730a-49d9-8472-19218cbd7315/print/,https://lda.senate.gov//filings/public/filing/06a0b6e9-9651-45e9-a7cf-9e0d46012247/print/,https://lda.senate.gov//filings/public/filing/fe1b9aa6-2419-4596-84b0-d8a6145ef757/print/,https://lda.senate.gov//filings/public/filing/5bd07e49-ce66-447d-aa3a-d9473d16dd8b/print/,https://lda.senate.gov//filings/public/filing/14d296e1-1713-4812-adc7-551e91f102ca/print/
2014 2nd Quarter - Amendment,2014,0.0,0.0,5290000.0,0.0,0.0,0,0,https://lda.senate.gov//filings/public/filing/1a0e35ce-e814-4642-a48b-0445555af330/print/,0,0
2014 1st Quarter - Report,2014,830000.0,2780000.0,3820000.0,1070000.0,2080000.0,https://lda.senate.gov//filings/public/filing/c44abdcf-b6ff-40f3-a8e3-bce8ddcd21de/print/,https://lda.senate.gov//filings/public/filing/e9947ef4-1ad0-4c6e-aff4-5d4f8fb7c415/print/,https://lda.senate.gov//filings/public/filing/cf5f1b0b-f8b5-4bf7-a1e5-5c13b166b19b/print/,https://lda.senate.gov//filings/public/filing/2471c297-e757-457a-bedd-5275b9551938/print/,https://lda.senate.gov//filings/public/filing/1541df52-b988-4186-8713-369765e6d7dd/print/
2013 4th Quarter - Report,2013,960000.0,1480000.0,3980000.0,990000.0,2770000.0,https://lda.senate.gov//filings/public/filing/f59b7a18-a5e9-4107-b51f-b489d7a27066/print/,https://lda.senate.gov//filings/public/filing/1390adba-4945-4b83-ad7d-c8e09b0a1372/print/,https://lda.senate.gov//filings/public/filing/8c0b78d6-f646-4b03-8901-05fae0adfbdf/print/,https://lda.senate.gov//filings/public/filing/e961c1cd-e1f6-434c-9cdc-d7098b604d46/print/,https://lda.senate.gov//filings/public/filing/a3cce9f5-9a94-4035-80c5-36c1b2c82b69/print/
2013 3rd Quarter - Report,2013,780000.0,1440000.0,3370000.0,970000.0,2230000.0,https://lda.senate.gov//filings/public/filing/72477a97-5625-45ad-9dfa-c3461bb4e5ea/print/,https://lda.senate.gov//filings/public/filing/19b20cd2-4c2f-4f41-ab05-8622779a918a/print/,https://lda.senate.gov//filings/public/filing/a36c2662-c1c5-47c9-816b-718c90ebb300/print/,https://lda.senate.gov//filings/public/filing/0196269c-0c21-49ea-aa65-ee078bfa1f1b/print/,https://lda.senate.gov//filings/public/filing/e106dded-6546-4a9e-b1df-bf282b434f3b/print/
2013 2nd Quarter - Report,2013,860000.0,1060000.0,3360000.0,690000.0,2960000.0,https://lda.senate.gov//filings/public/filing/26fea122-15fc-41c9-941f-478036ed8e4d/print/,https://lda.senate.gov//filings/public/filing/9f11cfa2-ea4b-422a-a026-51b0f14e883b/print/,https://lda.senate.gov//filings/public/filing/999c7d0c-8eb1-44c9-993f-a3cf969d90e8/print/,https://lda.senate.gov//filings/public/filing/c9c15a6f-182f-492b-a104-71c2df94d786/print/,https://lda.senate.gov//filings/public/filing/f43f5de8-0f33-4103-aef1-afb81d8f2255/print/
2013 1st Quarter - Report,2013,856831.0,2450000.0,3350000.0,720000.0,2530000.0,https://lda.senate.gov//filings/public/filing/87c1525f-8af5-4b18-9a1b-ab4c6b5a4c33/print/,https://lda.senate.gov//filings/public/filing/bee30eb0-bf20-47cd-b00d-f5f2a9d10aa6/print/,https://lda.senate.gov//filings/public/filing/4cb55b30-1f79-4ea9-961b-985b73b6917e/print/,https://lda.senate.gov//filings/public/filing/242ad532-4064-4c1c-a408-5eb65c25bb9e/print/,https://lda.senate.gov//filings/public/filing/c696210e-819c-412a-98ae-78d4b9fd187b/print/
2012 4th Quarter - Report,2012,610000.0,1400000.0,3350000.0,540000.0,2430000.0,https://lda.senate.gov//filings/public/filing/5445c45e-4666-443a-b06a-76783626c859/print/,https://lda.senate.gov//filings/public/filing/3e77cac4-4b25-4ede-84d7-80304f7cb24d/print/,https://lda.senate.gov//filings/public/filing/5e1012c0-6d42-4bb7-b363-f8649ba4edda/print/,https://lda.senate.gov//filings/public/filing/2a14a8ba-3b99-4bf4-a45d-31a341c9f092/print/,https://lda.senate.gov//filings/public/filing/6e13e7d9-8d00-460b-81f1-a4ec8821c531/print/
2012 3rd Quarter - Report,2012,550000.0,980000.0,4180000.0,460000.0,1860000.0,https://lda.senate.gov//filings/public/filing/ef318e5e-3687-4df9-a32e-e28300908a9f/print/,https://lda.senate.gov//filings/public/filing/5d730e20-8114-4c7a-83b4-02cfdedb4fd4/print/,https://lda.senate.gov//filings/public/filing/647a167d-a45e-4ee6-8aae-5056be3f9230/print/,https://lda.senate.gov//filings/public/filing/4ca8c09a-053d-4d40-8ac1-2882e0d79fa9/print/,https://lda.senate.gov//filings/public/filing/360ca7f4-ec45-459b-a110-a06159c034bd/print/
2012 3rd Quarter - Amendment,2012,0.0,840000.0,0.0,0.0,0.0,0,https://lda.senate.gov//filings/public/filing/96788519-34a8-4b4b-912b-27408d2ff17e/print/,0,0,0
2012 2nd Quarter - Report,2012,690000.0,960000.0,3920000.0,470000.0,2006000.0,https://lda.senate.gov//filings/public/filing/ba45060e-a6b6-401a-b0c5-1d0c27cc7228/print/,https://lda.senate.gov//filings/public/filing/efbf4d88-7af2-4bca-8baa-ebbfdf443df8/print/,https://lda.senate.gov//filings/public/filing/14bfe059-f4a8-40de-9901-56977f90eff9/print/,https://lda.senate.gov//filings/public/filing/a25f9e8e-d498-44fd-8a2a-2d769b209ec5/print/,https://lda.senate.gov//filings/public/filing/ff355b1e-4713-43a5-98f5-33e5d806044f/print/
2012 2nd Quarter - Amendment,2012,690000.0,0.0,0.0,0.0,0.0,https://lda.senate.gov//filings/public/filing/202fbff7-aeb5-4c16-aef1-becb6aee0809/print/,0,0,0,0
2012 1st Quarter - Report,2012,650000.0,650000.0,5030000.0,500000.0,1790000.0,https://lda.senate.gov//filings/public/filing/d4cdb3ad-f6d9-47ea-a584-b9b9418fbbc4/print/,https://lda.senate.gov//filings/public/filing/f74f3abf-2105-4f17-9a42-ba47507e98d2/print/,https://lda.senate.gov//filings/public/filing/a069c7ca-47b7-41db-9d98-254c9629ca50/print/,https://lda.senate.gov//filings/public/filing/9d7f8c56-422b-43d6-9e70-fcd12c066f05/print/,https://lda.senate.gov//filings/public/filing/f65eea50-f801-45c6-9c1e-7fdc251d65f7/print/
2011 4th Quarter - Report,2011,690000.0,440000.0,3760000.0,450000.0,1880000.0,https://lda.senate.gov//filings/public/filing/cbf8118c-86d1-438d-9c38-6128af36cd01/print/,https://lda.senate.gov//filings/public/filing/944daa58-c785-42db-b654-dc40d8435829/print/,https://lda.senate.gov//filings/public/filing/1d5a9784-2190-4b48-8bf9-3bb6b8bc0b73/print/,https://lda.senate.gov//filings/public/filing/8f9fff41-3950-4340-92bd-df8810a9ee65/print/,https://lda.senate.gov//filings/public/filing/118e61df-875f-4d63-a9e6-6967405f8791/print/
2011 3rd Quarter - Report,2011,450000.0,360000.0,2380000.0,460000.0,1883000.0,https://lda.senate.gov//filings/public/filing/68525110-aa73-41a1-a37a-5a98f68ae617/print/,https://lda.senate.gov//filings/public/filing/4b177110-2391-49d9-9e4b-3c640da81428/print/,https://lda.senate.gov//filings/public/filing/f7649bb1-9d70-442d-b333-3665370899db/print/,https://lda.senate.gov//filings/public/filing/57a3568a-20dc-4102-9c1c-bcaeda5b5aad/print/,https://lda.senate.gov//filings/public/filing/c804f2d7-547d-4af1-9e9a-91eec9c68cc3/print/
2011 2nd Quarter - Report,2011,450000.0,320000.0,2060000.0,790000.0,1852000.0,https://lda.senate.gov//filings/public/filing/1abc060a-fb9b-435f-b5fd-165f689a469b/print/,https://lda.senate.gov//filings/public/filing/dd9aefda-d130-46cb-bcae-6432d5e694e9/print/,https://lda.senate.gov//filings/public/filing/ab033ebf-eb49-4f1c-a14a-66010f8d2e86/print/,https://lda.senate.gov//filings/public/filing/368e2597-d700-4f0e-ae98-f99092fe96c0/print/,https://lda.senate.gov//filings/public/filing/6c90cb12-01de-4ca6-befe-61a719c06b59/print/
2011 1st Quarter - Report,2011,630000.0,230000.0,1480000.0,560000.0,1720000.0,https://lda.senate.gov//filings/public/filing/9697f855-0779-4a5c-a7bf-20563357ec13/print/,https://lda.senate.gov//filings/public/filing/43cc4f26-50d9-48f3-9aa5-01259417598c/print/,https://lda.senate.gov//filings/public/filing/8fface84-4d67-4f06-9524-4ff93215da37/print/,https://lda.senate.gov//filings/public/filing/a5771466-e7e3-4e31-b5f2-388fdf4aa110/print/,https://lda.senate.gov//filings/public/filing/a8a73851-8204-4bf4-85e8-cbf6d419b07c/print/
2010 4th Quarter - Report,2010,530000.0,130000.0,1240000.0,380000.0,1710000.0,https://lda.senate.gov//filings/public/filing/0725bc1d-85f5-4523-a712-d13494663fa9/print/,https://lda.senate.gov//filings/public/filing/8a8b7cad-6a1e-4732-b4cc-a2eeac6024a1/print/,https://lda.senate.gov//filings/public/filing/594db5b8-7c0e-476f-ac4c-60e1f1581912/print/,https://lda.senate.gov//filings/public/filing/d28087f7-f9cb-4926-8a5f-32ce4aeb6695/print/,https://lda.senate.gov//filings/public/filing/03aa3c79-0d52-4a48-a632-f5fe97f7fb49/print/
2010 3rd Quarter - Report,2010,480000.0,120000.0,1200000.0,340000.0,1630000.0,https://lda.senate.gov//filings/public/filing/d3371cff-36c5-4249-9bd0-d26333b10a95/print/,https://lda.senate.gov//filings/public/filing/dc652488-342c-4ed5-aa4d-09f04f9dfafd/print/,https://lda.senate.gov//filings/public/filing/2338d134-68dc-4a5f-8d24-df6b46ee150e/print/,https://lda.senate.gov//filings/public/filing/ae83a5e6-69ea-4cbe-befd-654c9acd143e/print/,https://lda.senate.gov//filings/public/filing/3e4f6e2a-adf3-4713-bd6c-053064cf216a/print/
2010 2nd Quarter - Report,2010,500000.0,60000.0,1340000.0,330000.0,1850000.0,https://lda.senate.gov//filings/public/filing/f3d30c55-120b-45aa-8882-b714802df770/print/,https://lda.senate.gov//filings/public/filing/51104a5c-d4c7-474f-80cb-ebd5ee4b7358/print/,https://lda.senate.gov//filings/public/filing/9016e68e-d49f-4731-bf33-9747f2b5ce7d/print/,https://lda.senate.gov//filings/public/filing/2baaba5b-7289-45b9-8ceb-8142ef51e466/print/,https://lda.senate.gov//filings/public/filing/be0faeba-7719-40b5-b31d-8331096a2c7f/print/
2010 1st Quarter - Report,2010,540000.0,41390.0,1380000.0,560000.0,1720000.0,https://lda.senate.gov//filings/public/filing/5d79620c-5c7d-48af-86cc-b6fe9bb0f8cb/print/,https://lda.senate.gov//filings/public/filing/c9bcb5c6-e1f3-4942-b59f-518c55953581/print/,https://lda.senate.gov//filings/public/filing/e7885151-831b-4ceb-a80c-60f47e3e0702/print/,https://lda.senate.gov//filings/public/filing/98502fce-b22b-476f-b993-2d13c4515b46/print/,https://lda.senate.gov//filings/public/filing/b5acd953-5ec4-4c44-9f5b-554122395340/print/
2009 Registration,2009,0.0,0.0,0.0,0.0,0.0,0,https://lda.senate.gov//filings/public/filing/1ec17ad5-bebc-4451-8c42-799205704b5c/print/,0,0,0
2009 4th Quarter - Report,2009,570000.0,38117.0,1120000.0,390000.0,1690000.0,https://lda.senate.gov//filings/public/filing/b3065283-de13-4922-a396-dbf05ccf16a3/print/,https://lda.senate.gov//filings/public/filing/167fa844-7a7b-4c34-a67c-cebaa5c71d18/print/,https://lda.senate.gov//filings/public/filing/139027f3-c810-4979-b00c-47d446649c89/print/,https://lda.senate.gov//filings/public/filing/c3f5e45a-afa4-490c-9a0b-9fdd4e568c1a/print/,https://lda.senate.gov//filings/public/filing/2e3eac85-2c8f-40a6-8734-61d042953c8f/print/
2009 3rd Quarter - Report,2009,550000.0,121624.0,1080000.0,380000.0,1490000.0,https://lda.senate.gov//filings/public/filing/f5afa696-fb2d-495c-9a5a-87fed03ad794/print/,https://lda.senate.gov//filings/public/filing/144deed1-5a3a-450c-b6de-31a15c59a8cc/print/,https://lda.senate.gov//filings/public/filing/18f19f3d-2dd6-4dce-aeb7-eafb9b5bb0df/print/,https://lda.senate.gov//filings/public/filing/ebf23294-ccc7-47fd-8a69-58523630a933/print/,https://lda.senate.gov//filings/public/filing/43cc0d38-e088-4641-a696-f5c381161c19/print/
2009 2nd Quarter - Report,2009,320000.0,48137.0,950000.0,390000.0,1890000.0,https://lda.senate.gov//filings/public/filing/fde073ae-a1da-4686-91a2-f5cb971b593e/print/,https://lda.senate.gov//filings/public/filing/3f324dd4-a528-4f8a-b7ca-c8494af0d80d/print/,https://lda.senate.gov//filings/public/filing/6762848b-c682-4587-8854-4f4f03c9e3b7/print/,https://lda.senate.gov//filings/public/filing/30645049-6601-421e-9d41-50180c7fb699/print/,https://lda.senate.gov//filings/public/filing/a616614c-2aca-4b7c-8eb1-0ed90b640975/print/
2009 2nd Quarter - Amendment,2009,0.0,48137.0,0.0,0.0,0.0,0,https://lda.senate.gov//filings/public/filing/d3f0865b-effb-4e3c-99a8-e021acd18b4c/print/,0,0,0
2009 1st Quarter - Report,2009,370000.0,0.0,880000.0,340000.0,1650000.0,https://lda.senate.gov//filings/public/filing/19d393cc-bafc-474f-9256-a681fb70c6d8/print/,0,https://lda.senate.gov//filings/public/filing/8bac0098-7e93-4cf7-91b3-8ef4551f8441/print/,https://lda.senate.gov//filings/public/filing/ab9f4968-d142-4f3d-8c08-aefcc727f5be/print/,https://lda.senate.gov//filings/public/filing/fabf3bb7-e6d1-47c1-9c45-3e416c1d1f93/print/
2008 4th Quarter - Report,2008,310000.0,0.0,770000.0,460000.0,2020000.0,https://lda.senate.gov//filings/public/filing/e1979899-9de4-46f2-8474-0147eee4b227/print/,0,https://lda.senate.gov//filings/public/filing/c40cc03a-5ad9-49ac-9cc9-e4a156643312/print/,https://lda.senate.gov//filings/public/filing/cedecbbb-faad-4e1a-8933-81ec32bf23be/print/,https://lda.senate.gov//filings/public/filing/3883725a-8ce5-433b-822c-06296c90bfc3/print/
2008 3rd Quarter - Report,2008,370000.0,0.0,720000.0,410000.0,1980000.0,https://lda.senate.gov//filings/public/filing/56887f62-7906-4e93-b315-4e41b072651d/print/,0,https://lda.senate.gov//filings/public/filing/bdaaa5b8-4aa8-4367-ba68-32dceca90603/print/,https://lda.senate.gov//filings/public/filing/4aafd032-1c62-4bf9-a369-94e486d3cd08/print/,https://lda.senate.gov//filings/public/filing/f8c8515e-639b-41ef-921d-115f26903d0a/print/
2008 2nd Quarter - Report,2008,300000.0,0.0,730000.0,450000.0,2300000.0,https://lda.senate.gov//filings/public/filing/f1aa1c99-840c-4195-a4e8-558ce10e958d/print/,0,https://lda.senate.gov//filings/public/filing/031e375b-581c-4619-8ae2-8c05cab004d9/print/,https://lda.senate.gov//filings/public/filing/e3ff5a08-f8b3-4cd1-9e2c-582d8acb75a7/print/,https://lda.senate.gov//filings/public/filing/29095ed5-4e6a-49ac-a2ae-d22d34311f58/print/
2008 2nd Quarter - Amendment,2008,0.0,0.0,0.0,0.0,2340000.0,0,0,0,0,https://lda.senate.gov//filings/public/filing/4aac36a4-a07a-40d1-a5e7-611aa49c942a/print/
2008 1st Quarter - Report,2008,360000.0,0.0,620000.0,390000.0,2560000.0,https://lda.senate.gov//filings/public/filing/855515c6-1cae-41b3-a506-0780d50def56/print/,0,https://lda.senate.gov//filings/public/filing/61199628-0cd3-45d1-9a0c-afd1b44b8790/print/,https://lda.senate.gov//filings/public/filing/876096f0-68d8-4a7d-93ab-747fb731f0f3/print/,https://lda.senate.gov//filings/public/filing/e6e2c5ab-78e7-4808-bff1-e102721b3378/print/
2008 1st Quarter - Amendment,2008,0.0,0.0,0.0,390000.0,2560000.0,0,0,0,https://lda.senate.gov//filings/public/filing/85f506ef-3b42-4b7d-83fb-8a273897c800/print/,https://lda.senate.gov//filings/public/filing/9f08549c-2e76-4e5b-b16a-ecb04eb4ee2b/print/
2007 Year-End Report,2007,887000.0,0.0,940000.0,580000.0,4220000.0,https://lda.senate.gov//filings/public/filing/5827c74e-ba50-4e40-86ee-5dc71e1e126c/print/,0,https://lda.senate.gov//filings/public/filing/5065597a-b535-4da3-a37d-7ee660493844/print/,https://lda.senate.gov//filings/public/filing/77f36f50-8c3d-4b5d-8710-47f50656b467/print/,https://lda.senate.gov//filings/public/filing/4dc53877-c630-4ee1-8907-bfd5588b7422/print/
2007 Year-End Amendment,2007,0.0,0.0,940000.0,0.0,0.0,0,0,https://lda.senate.gov//filings/public/filing/59ac284a-9f41-4ff0-a5a2-c646ee3d2cee/print/,0,0
2007 Year-End Amendment,2007,0.0,0.0,940000.0,0.0,0.0,0,0,https://lda.senate.gov//filings/public/filing/0113b68c-62f5-4628-aa44-49708612194b/print/,0,0
2007 Registration - Amendment,2007,0.0,0.0,0.0,0.0,0.0,0,0,0,https://lda.senate.gov//filings/public/filing/b17197e7-7bcf-4f10-9493-63356cc21923/print/,0
2007 Registration - Amendment,2007,0.0,0.0,0.0,0.0,0.0,0,0,0,https://lda.senate.gov//filings/public/filing/c4cbb3a2-efc2-41f9-8358-8fa23f082045/print/,0
2007 Registration,2007,0.0,0.0,0.0,0.0,0.0,0,0,https://lda.senate.gov//filings/public/filing/41f030d0-4fd5-43b3-a00e-a2c7716963ed/print/,0,0
2007 Mid-Year Report,2007,735000.0,0.0,580000.0,720000.0,4780000.0,https://lda.senate.gov//filings/public/filing/c35a8177-0e7b-49a8-b1b6-aa2889d9a53f/print/,0,https://lda.senate.gov//filings/public/filing/f1edf8d7-efeb-497a-b452-9d6cab1b4bda/print/,https://lda.senate.gov//filings/public/filing/d711f265-55b3-4a58-a1a7-fe060e3c36e1/print/,https://lda.senate.gov//filings/public/filing/b8cd9435-c3e8-4919-b20f-ff9ba39799de/print/
2007 Mid-Year Amendment,2007,0.0,0.0,580000.0,720000.0,0.0,0,0,https://lda.senate.gov//filings/public/filing/4ccd244d-608c-4838-a4bc-a242ca35708c/print/,https://lda.senate.gov//filings/public/filing/8a0e030b-c865-4572-8c32-22c31a1328c8/print/,0
2006 Year-End Report,2006,780000.0,0.0,0.0,600000.0,4040000.0,https://lda.senate.gov//filings/public/filing/ad1b2a56-0a92-4efa-80a5-f4ae2fbe0755/print/,0,0,https://lda.senate.gov//filings/public/filing/fd4373a3-e6f2-4755-8a94-ece9dd048c8d/print/,https://lda.senate.gov//filings/public/filing/f5a11c27-1ada-4c3d-8097-c0f17edc5e9b/print/
2006 Year-End Report,2006,780000.0,0.0,0.0,600000.0,4040000.0,https://lda.senate.gov//filings/public/filing/ad1b2a56-0a92-4efa-80a5-f4ae2fbe0755/print/,0,0,https://lda.senate.gov//filings/public/filing/f8351fd7-8dec-4697-ad1a-a431b578d40a/print/,https://lda.senate.gov//filings/public/filing/f5a11c27-1ada-4c3d-8097-c0f17edc5e9b/print/
2006 Registration - Amendment,2006,0.0,0.0,0.0,0.0,0.0,https://lda.senate.gov//filings/public/filing/c6b6e0b4-cb60-437e-909d-7e6355b3b79b/print/,0,0,https://lda.senate.gov//filings/public/filing/a326e0aa-2c28-48e0-ad99-ebc3d5ded070/print/,0
2006 Registration - Amendment,2006,0.0,0.0,0.0,0.0,0.0,https://lda.senate.gov//filings/public/filing/d542d391-e86d-4a39-bf34-8db41a9337dd/print/,0,0,https://lda.senate.gov//filings/public/filing/a326e0aa-2c28-48e0-ad99-ebc3d5ded070/print/,0
2006 Mid-Year Report,2006,780000.0,0.0,0.0,500000.0,4840000.0,https://lda.senate.gov//filings/public/filing/c6b6e0b4-cb60-437e-909d-7e6355b3b79b/print/,0,0,https://lda.senate.gov//filings/public/filing/ae905e54-cd2f-49d7-b202-c1b30cf24007/print/,https://lda.senate.gov//filings/public/filing/8a50348d-58bd-4557-aed3-0caace14b20b/print/
2006 Mid-Year Report,2006,780000.0,0.0,0.0,500000.0,4840000.0,https://lda.senate.gov//filings/public/filing/d542d391-e86d-4a39-bf34-8db41a9337dd/print/,0,0,https://lda.senate.gov//filings/public/filing/ae905e54-cd2f-49d7-b202-c1b30cf24007/print/,https://lda.senate.gov//filings/public/filing/8a50348d-58bd-4557-aed3-0caace14b20b/print/
2005 Year-End Report,2005,460000.0,0.0,0.0,420000.0,4160000.0,https://lda.senate.gov//filings/public/filing/7a773e5a-7014-4f87-9ba9-b075f21fdf92/print/,0,0,https://lda.senate.gov//filings/public/filing/0f0d1f08-0f04-40ed-87b7-2f8db3daab98/print/,https://lda.senate.gov//filings/public/filing/6aab6ed4-3c02-40f2-b907-d596a3c33bb6/print/
2005 Registration - Amendment,2005,0.0,0.0,0.0,0.0,0.0,0,0,0,https://lda.senate.gov//filings/public/filing/5347a4df-e273-4423-988a-c5083bb45e01/print/,0
2005 Registration - Amendment,2005,0.0,0.0,0.0,0.0,0.0,0,0,0,https://lda.senate.gov//filings/public/filing/e52ca190-1b21-40a8-bf7a-6761399343c4/print/,0
2005 Mid-Year Report,2005,460000.0,0.0,0.0,340000.0,4540000.0,https://lda.senate.gov//filings/public/filing/d21b96fb-a1c4-4819-9b1e-43840664a49b/print/,0,0,https://lda.senate.gov//filings/public/filing/ba355629-955b-4555-9915-486c444e95f0/print/,https://lda.senate.gov//filings/public/filing/75381645-af7e-45f6-b2a0-82ad8847f455/print/
2004 Year-End Report,2004,460000.0,0.0,0.0,300000.0,4060000.0,https://lda.senate.gov//filings/public/filing/72fb7eec-3d3d-4dfe-a699-1e7503d9daf0/print/,0,0,https://lda.senate.gov//filings/public/filing/98bb548f-13cd-4232-a787-4632fb1efe4c/print/,https://lda.senate.gov//filings/public/filing/2be19bb3-7ad3-47ad-800f-af3199cbe180/print/
2004 Mid-Year Report,2004,460000.0,0.0,0.0,360000.0,5340000.0,https://lda.senate.gov//filings/public/filing/0242cc15-f521-4840-9a24-188d0d696a97/print/,0,0,https://lda.senate.gov//filings/public/filing/6e212f3e-dcd9-4a54-b4e1-5f0dbe8ce84a/print/,https://lda.senate.gov//filings/public/filing/d39bdf96-f71e-4385-b416-b57506ee3321/print/
2004 Mid-Year Amendment,2004,0.0,0.0,0.0,0.0,5400000.0,0,0,0,0,https://lda.senate.gov//filings/public/filing/eed607cc-3ac3-4899-aa83-91986888b54c/print/
2003 Year-End Report,2003,460000.0,0.0,0.0,222681.0,4620000.0,https://lda.senate.gov//filings/public/filing/eba0eae0-4b31-483e-b4b5-0705f4e250f6/print/,0,0,https://lda.senate.gov//filings/public/filing/cd1217be-77f3-4bf7-9cf4-b846a2338c75/print/,https://lda.senate.gov//filings/public/filing/02f03d44-4ef0-4caa-b090-b0bb74a72da6/print/
2003 Year-End Amendment,2003,0.0,0.0,0.0,233008.0,0.0,0,0,0,https://lda.senate.gov//filings/public/filing/bb26e674-8eaf-40cd-84ad-2d227cb323a0/print/,0
2003 Mid-Year Report,2003,460000.0,0.0,0.0,280000.0,4120000.0,https://lda.senate.gov//filings/public/filing/7f35761e-9c81-4f42-a630-8b72d599af00/print/,0,0,https://lda.senate.gov//filings/public/filing/e9ef0270-7856-4bb4-9ecc-23bec159f712/print/,https://lda.senate.gov//filings/public/filing/2c18c4a0-a6a8-4954-b785-d4fe22272256/print/
2002 Year-End Report,2002,460000.0,0.0,0.0,240000.0,3300000.0,https://lda.senate.gov//filings/public/filing/c1f03f7a-ecaf-4269-817a-324af67717f7/print/,0,0,https://lda.senate.gov//filings/public/filing/ef584f41-a971-4d16-913b-67f4a27b2b9c/print/,https://lda.senate.gov//filings/public/filing/b9d156c9-c16b-40c5-b42d-56539a73db6a/print/
2002 Year-End Report,2002,460000.0,0.0,0.0,240000.0,3300000.0,https://lda.senate.gov//filings/public/filing/70ac114f-686f-4d10-9b85-63af87039fe7/print/,0,0,https://lda.senate.gov//filings/public/filing/ef584f41-a971-4d16-913b-67f4a27b2b9c/print/,https://lda.senate.gov//filings/public/filing/b9d156c9-c16b-40c5-b42d-56539a73db6a/print/
2002 Year-End Report,2002,460000.0,0.0,0.0,240000.0,3300000.0,https://lda.senate.gov//filings/public/filing/340cee19-45d7-41fd-a635-0ad2cd0da951/print/,0,0,https://lda.senate.gov//filings/public/filing/ef584f41-a971-4d16-913b-67f4a27b2b9c/print/,https://lda.senate.gov//filings/public/filing/b9d156c9-c16b-40c5-b42d-56539a73db6a/print/
2002 Year-End Report,2002,460000.0,0.0,0.0,240000.0,3300000.0,https://lda.senate.gov//filings/public/filing/ae1e7ef6-278c-49d8-95ff-b0ff62db8d21/print/,0,0,https://lda.senate.gov//filings/public/filing/ef584f41-a971-4d16-913b-67f4a27b2b9c/print/,https://lda.senate.gov//filings/public/filing/b9d156c9-c16b-40c5-b42d-56539a73db6a/print/
2002 Year-End Report,2002,460000.0,0.0,0.0,240000.0,3300000.0,https://lda.senate.gov//filings/public/filing/6c0b9b7c-270f-409b-bb7b-746c76fd881f/print/,0,0,https://lda.senate.gov//filings/public/filing/ef584f41-a971-4d16-913b-67f4a27b2b9c/print/,https://lda.senate.gov//filings/public/filing/b9d156c9-c16b-40c5-b42d-56539a73db6a/print/
2002 Year-End Report,2002,460000.0,0.0,0.0,240000.0,3300000.0,https://lda.senate.gov//filings/public/filing/ccb477c3-ebba-4c33-85c7-751c7baf558d/print/,0,0,https://lda.senate.gov//filings/public/filing/ef584f41-a971-4d16-913b-67f4a27b2b9c/print/,https://lda.senate.gov//filings/public/filing/b9d156c9-c16b-40c5-b42d-56539a73db6a/print/
2002 Year-End Amendment,2002,0.0,0.0,0.0,0.0,3300000.0,0,0,0,0,https://lda.senate.gov//filings/public/filing/023b30cb-ecaf-4c8d-a387-4bed8c021cc3/print/
2002 Mid-Year Report,2002,0.0,0.0,0.0,280000.0,3200000.0,https://lda.senate.gov//filings/public/filing/1f1b737e-78ef-4fcc-8895-5749755846d2/print/,0,0,https://lda.senate.gov//filings/public/filing/aa6550c4-d9b6-45f0-ab79-38f0838eb789/print/,https://lda.senate.gov//filings/public/filing/d7e93902-1010-4583-a99b-bdad8f2fadf1/print/
2002 Mid-Year Amendment,2002,460000.0,0.0,0.0,0.0,0.0,https://lda.senate.gov//filings/public/filing/ae1e7ef6-278c-49d8-95ff-b0ff62db8d21/print/,0,0,0,0
2002 Mid-Year Amendment,2002,460000.0,0.0,0.0,0.0,0.0,https://lda.senate.gov//filings/public/filing/c1f03f7a-ecaf-4269-817a-324af67717f7/print/,0,0,0,0
2002 Mid-Year Amendment,2002,460000.0,0.0,0.0,0.0,0.0,https://lda.senate.gov//filings/public/filing/ccb477c3-ebba-4c33-85c7-751c7baf558d/print/,0,0,0,0
2002 Mid-Year Amendment,2002,460000.0,0.0,0.0,0.0,0.0,https://lda.senate.gov//filings/public/filing/6c0b9b7c-270f-409b-bb7b-746c76fd881f/print/,0,0,0,0
2002 Mid-Year Amendment,2002,460000.0,0.0,0.0,0.0,0.0,https://lda.senate.gov//filings/public/filing/70ac114f-686f-4d10-9b85-63af87039fe7/print/,0,0,0,0
2002 Mid-Year Amendment,2002,460000.0,0.0,0.0,0.0,0.0,https://lda.senate.gov//filings/public/filing/340cee19-45d7-41fd-a635-0ad2cd0da951/print/,0,0,0,0
2001 Year-End Report,2001,0.0,0.0,0.0,260000.0,3100000.0,0,0,0,https://lda.senate.gov//filings/public/filing/768dc06d-3c40-4cad-99b2-63a03114060c/print/,https://lda.senate.gov//filings/public/filing/70402fd1-5c29-4997-b8f6-af14a5a4c5bc/print/
2001 Year-End Amendment,2001,4236000.0,0.0,0.0,0.0,0.0,https://lda.senate.gov//filings/public/filing/ae1e7ef6-278c-49d8-95ff-b0ff62db8d21/print/,0,0,0,0
2001 Year-End Amendment,2001,4236000.0,0.0,0.0,0.0,0.0,https://lda.senate.gov//filings/public/filing/ccb477c3-ebba-4c33-85c7-751c7baf558d/print/,0,0,0,0
2001 Year-End Amendment,2001,4236000.0,0.0,0.0,0.0,0.0,https://lda.senate.gov//filings/public/filing/70ac114f-686f-4d10-9b85-63af87039fe7/print/,0,0,0,0
2001 Year-End Amendment,2001,4236000.0,0.0,0.0,0.0,0.0,https://lda.senate.gov//filings/public/filing/340cee19-45d7-41fd-a635-0ad2cd0da951/print/,0,0,0,0
2001 Year-End Amendment,2001,4236000.0,0.0,0.0,0.0,0.0,https://lda.senate.gov//filings/public/filing/6c0b9b7c-270f-409b-bb7b-746c76fd881f/print/,0,0,0,0
2001 Year-End Amendment,2001,4236000.0,0.0,0.0,0.0,0.0,https://lda.senate.gov//filings/public/filing/c1f03f7a-ecaf-4269-817a-324af67717f7/print/,0,0,0,0
2001 Registration - Amendment,2001,0.0,0.0,0.0,0.0,0.0,0,0,0,https://lda.senate.gov//filings/public/filing/f55917f6-914e-444c-a819-836dc2fb5e5c/print/,0
2001 Registration - Amendment,2001,0.0,0.0,0.0,0.0,0.0,0,0,0,https://lda.senate.gov//filings/public/filing/e930c549-bc08-4232-8b44-f08a9478f7b2/print/,0
2001 Mid-Year Report,2001,0.0,0.0,0.0,240000.0,3460000.0,0,0,0,https://lda.senate.gov//filings/public/filing/f55917f6-914e-444c-a819-836dc2fb5e5c/print/,https://lda.senate.gov//filings/public/filing/6026067d-b9f8-4b34-8e45-2a9e51e31e52/print/
2001 Mid-Year Report,2001,0.0,0.0,0.0,240000.0,3460000.0,0,0,0,https://lda.senate.gov//filings/public/filing/e930c549-bc08-4232-8b44-f08a9478f7b2/print/,https://lda.senate.gov//filings/public/filing/6026067d-b9f8-4b34-8e45-2a9e51e31e52/print/
2001 Mid-Year Amendment,2001,4236000.0,0.0,0.0,0.0,0.0,https://lda.senate.gov//filings/public/filing/ccb477c3-ebba-4c33-85c7-751c7baf558d/print/,0,0,0,0
2001 Mid-Year Amendment,2001,0.0,0.0,0.0,0.0,0.0,https://lda.senate.gov//filings/public/filing/31d013f3-6e5e-4c73-ad7d-5720d0fee6ae/print/,0,0,0,0
2001 Mid-Year Amendment,2001,0.0,0.0,0.0,0.0,0.0,https://lda.senate.gov//filings/public/filing/412e2267-2b64-4fdd-8ac2-6281b9db7d68/print/,0,0,0,0
2001 Mid-Year Amendment,2001,4236000.0,0.0,0.0,0.0,0.0,https://lda.senate.gov//filings/public/filing/c1f03f7a-ecaf-4269-817a-324af67717f7/print/,0,0,0,0
2001 Mid-Year Amendment,2001,4236000.0,0.0,0.0,0.0,0.0,https://lda.senate.gov//filings/public/filing/6c0b9b7c-270f-409b-bb7b-746c76fd881f/print/,0,0,0,0
2001 Mid-Year Amendment,2001,4236000.0,0.0,0.0,0.0,0.0,https://lda.senate.gov//filings/public/filing/ae1e7ef6-278c-49d8-95ff-b0ff62db8d21/print/,0,0,0,0
2001 Mid-Year Amendment,2001,4236000.0,0.0,0.0,0.0,0.0,https://lda.senate.gov//filings/public/filing/340cee19-45d7-41fd-a635-0ad2cd0da951/print/,0,0,0,0
2001 Mid-Year Amendment,2001,4236000.0,0.0,0.0,0.0,0.0,https://lda.senate.gov//filings/public/filing/70ac114f-686f-4d10-9b85-63af87039fe7/print/,0,0,0,0
2000 Year-End Report,2000,0.0,0.0,0.0,180000.0,3020000.0,https://lda.senate.gov//filings/public/filing/d622f319-0fc3-4aa8-8168-5ec3d07d754d/print/,0,0,https://lda.senate.gov//filings/public/filing/da67813a-9e0a-4612-8e9c-0417c18bf132/print/,https://lda.senate.gov//filings/public/filing/13444ebd-8d99-4baa-afa7-bc842b0ab04b/print/
2000 Year-End Amendment,2000,246000.0,0.0,0.0,0.0,0.0,https://lda.senate.gov//filings/public/filing/c1f03f7a-ecaf-4269-817a-324af67717f7/print/,0,0,0,0
2000 Year-End Amendment,2000,246000.0,0.0,0.0,0.0,0.0,https://lda.senate.gov//filings/public/filing/340cee19-45d7-41fd-a635-0ad2cd0da951/print/,0,0,0,0
2000 Year-End Amendment,2000,246000.0,0.0,0.0,0.0,0.0,https://lda.senate.gov//filings/public/filing/ae1e7ef6-278c-49d8-95ff-b0ff62db8d21/print/,0,0,0,0
2000 Year-End Amendment,2000,246000.0,0.0,0.0,0.0,0.0,https://lda.senate.gov//filings/public/filing/ccb477c3-ebba-4c33-85c7-751c7baf558d/print/,0,0,0,0
2000 Year-End Amendment,2000,246000.0,0.0,0.0,0.0,0.0,https://lda.senate.gov//filings/public/filing/6c0b9b7c-270f-409b-bb7b-746c76fd881f/print/,0,0,0,0
2000 Year-End Amendment,2000,246000.0,0.0,0.0,0.0,0.0,https://lda.senate.gov//filings/public/filing/70ac114f-686f-4d10-9b85-63af87039fe7/print/,0,0,0,0
2000 Registration - Amendment,2000,0.0,0.0,0.0,0.0,0.0,https://lda.senate.gov//filings/public/filing/e2012851-b698-4303-918f-f9084f274092/print/,0,0,0,0
2000 Registration - Amendment,2000,0.0,0.0,0.0,0.0,0.0,https://lda.senate.gov//filings/public/filing/9c04ea15-9faf-4e4b-959a-a4a8e3b5ab1a/print/,0,0,0,0
2000 Registration,2000,0.0,0.0,0.0,0.0,0.0,https://lda.senate.gov//filings/public/filing/cd1d858d-437d-4850-b70c-d52efea458a9/print/,0,0,0,0
2000 Mid-Year Report,2000,0.0,0.0,0.0,180000.0,3340000.0,https://lda.senate.gov//filings/public/filing/9c04ea15-9faf-4e4b-959a-a4a8e3b5ab1a/print/,0,0,https://lda.senate.gov//filings/public/filing/dda1cd4d-8554-45ed-b58d-101140ff3c67/print/,https://lda.senate.gov//filings/public/filing/6df5452e-8951-45fd-96d8-87be14df18d1/print/
2000 Mid-Year Report,2000,0.0,0.0,0.0,180000.0,3340000.0,https://lda.senate.gov//filings/public/filing/e2012851-b698-4303-918f-f9084f274092/print/,0,0,https://lda.senate.gov//filings/public/filing/dda1cd4d-8554-45ed-b58d-101140ff3c67/print/,https://lda.senate.gov//filings/public/filing/6df5452e-8951-45fd-96d8-87be14df18d1/print/
2000 Mid-Year Amendment,2000,246000.0,0.0,0.0,0.0,0.0,https://lda.senate.gov//filings/public/filing/ccb477c3-ebba-4c33-85c7-751c7baf558d/print/,0,0,0,0
2000 Mid-Year Amendment,2000,246000.0,0.0,0.0,0.0,0.0,https://lda.senate.gov//filings/public/filing/6c0b9b7c-270f-409b-bb7b-746c76fd881f/print/,0,0,0,0
2000 Mid-Year Amendment,2000,246000.0,0.0,0.0,0.0,0.0,https://lda.senate.gov//filings/public/filing/c1f03f7a-ecaf-4269-817a-324af67717f7/print/,0,0,0,0
2000 Mid-Year Amendment,2000,246000.0,0.0,0.0,0.0,0.0,https://lda.senate.gov//filings/public/filing/70ac114f-686f-4d10-9b85-63af87039fe7/print/,0,0,0,0
2000 Mid-Year Amendment,2000,246000.0,0.0,0.0,0.0,0.0,https://lda.senate.gov//filings/public/filing/ae1e7ef6-278c-49d8-95ff-b0ff62db8d21/print/,0,0,0,0
2000 Mid-Year Amendment,2000,246000.0,0.0,0.0,0.0,0.0,https://lda.senate.gov//filings/public/filing/340cee19-45d7-41fd-a635-0ad2cd0da951/print/,0,0,0,0
1999 Year-End Report,1999,0.0,0.0,0.0,100000.0,2620000.0,0,0,0,https://lda.senate.gov//filings/public/filing/61e59995-47f4-4eb2-beb1-f89bbc7b8498/print/,https://lda.senate.gov//filings/public/filing/98e6f5f3-3ca0-4c8f-859d-abf05a397b2d/print/
1999 Registration - Amendment,1999,0.0,0.0,0.0,0.0,0.0,0,0,0,https://lda.senate.gov//filings/public/filing/1d937c0d-a39a-4685-9fc3-13e8e2f8b940/print/,0
1999 Registration - Amendment,1999,0.0,0.0,0.0,0.0,0.0,0,0,0,https://lda.senate.gov//filings/public/filing/e5ac2715-fc74-46f6-9834-d812b044707b/print/,0
1999 Mid-Year Report,1999,0.0,0.0,0.0,80000.0,2040000.0,0,0,0,https://lda.senate.gov//filings/public/filing/1d937c0d-a39a-4685-9fc3-13e8e2f8b940/print/,https://lda.senate.gov//filings/public/filing/6341c24d-9209-4d3d-880c-74c52d6942db/print/
1999 Mid-Year Report,1999,0.0,0.0,0.0,80000.0,2040000.0,0,0,0,https://lda.senate.gov//filings/public/filing/e5ac2715-fc74-46f6-9834-d812b044707b/print/,https://lda.senate.gov//filings/public/filing/6341c24d-9209-4d3d-880c-74c52d6942db/print/
