amazon,facebook,google,apple,microsoft
19,accountability,abroad,actions,12 computer
accessibility online,ads,access data,agreement,20
agencies,advertising,access electronic,applications,access 12
agencies appropriations,agreement,activity,applications issues,administration
appropriations,amendments,advertising intellectual,batteries,advertising
appropriations public,american,allocation white,border,america invents
authentication,appropriations,amendments,border protection,american
bill,around,anti,childrens,application
bills,around national,antitrust,childrens online,aspects intellectual
business,authorization,breach issues,communications,bill
care,breach notification,broadband infrastructure,control,china interoperability
cares,commerce,businesses small,control regulations,commercial
cares public,communications privacy,by,customs,commission
computing including,competition,cloud,customs border,communications privacy
consolidated,content,cloud computing,cyber,competition in
consolidated appropriations,copyright,communications transactional,data security,competitiveness interpretation
consumer,cybersecurity,computing,devices,computer
copyright office,discussions data,congressional,devices health,computer science
covid,diversity,content,digital goods,counterfeiting
covid 19,do,controversial,digital textbooks,cybersecurity
critical,do not,cyber,distribution,data issues
critical infrastructure,efforts,data breach,distribution video,digital
customs,encryption,data policy,diversity,digital trade
cybersecurity,enforcement,data stored,diversity in,do
cybersecurity cloud,federal policy,devices workplace,do,do not
development,general discussions,digital privacy,do not,expanding
dues,government,do,electronic,expanding access
education,government surveillance,do not,energy,fairness high
employee,including additional,email,environmental,family
faa,information,email privacy,export,hhs
fairness,innovation,encryption,export control,hhs rulemaking
financial,integrity,encryption standards,fairness,high skilled
food,international tax,enforcement access,foreign,human rights
government,issues discussions,exceptions,foreign regulatory,immigrants
government procurement,issues international,fcc,funding issues,immigration innovation
health,issues related,fcc nprm,goods,implementation
health care,issues relevant,federal,goods services,implementation private
housing,law,government,green technology,in china
housing urban,legal,government access,health,indigenous
implementation,legal assistance,harbor,health data,indigenous innovation
including implementation,litigation,health data,high,information sharing
information,media,in video,hr,innovation policy
infrastructure,modernization,infrastructure,hr hr,internal
infrastructure protection,more,infrastructure deployment,immigration,internet human
infringement copyright,more transparency,intermediary,in workplace,interoperability innovation
intelligence,multi,intermediary liability,information,interpretation
international terminal,multi stakeholder,internet freedom,infringement,interpretation application
internet things,mutual,issues international,ip,invents
iot,mutual legal,it health,itc,ip
it modernization,national security,liability,litigation,ip rights
law,need,licensing,location,issues hhs
law issues,need reform,music,marketplace,law enforcement
licensing,neutrality connectivity,not,marketplace fairness,market
mobile,not,not track,medical,market access
music,not track,nprm,medical applications,not
music licensing,notification,online controversial,mobile devices,not track
net,online advertising,online terrorist,mobile medical,online advertising
net neutrality,orders,open internet,mobile payments,piracy
neutrality rate,patent,pacific,mobile workforce,proceedings related
office,patent litigation,pacific partnership,not,property rights
office modernization,personal,partnership,not track,provisions
organization,personal data,policies online,online,public
payments security,platform,power,online privacy,recovery implementation
personal,platform integrity,privacy amendments,partnership,regarding
personal data,policy issues,programming,payments,related it
policy,privacy amendments,programming promoting,payments issues,related recovery
postal rates,privacy protection,promoting,policy,rights market
procurement,procedural,promoting broadband,privacy health,rights outside
protection payments,process,quantum,privacy safety,rulemaking
public law,programs,records,programming,rulemaking proceedings
rate,protection,reform spectrum,reform international,safe
rate modernization,protections,reporting,regulation,science education
rates,providing,reporting online,regulation mobile,section
reauthorization,providing more,rules international,regulations,sharing
reform postal,reform government,safe,regulatory,skilled
related agencies,regarding need,safe harbor,regulatory actions,skilled immigrants
related cybersecurity,regarding net,service,related competition,smart
related surface,related orders,sharing,related consumer,software patents
safety,relevant,stored,related customs,software piracy
security authentication,relevant technology,stored abroad,related digital,spaces
services,research,student,related distribution,spark
small,rights,student digital,related diversity,states asia
small business,safe,technologies,related foreign,stem youth
stem,science,technology encryption,related mobile,student privacy
surface,section,terrorist,related privacy,tax reform
surface transportation,security breach,terrorist activity,related regulation,threats
terminal,security related,track,related spectrum,threats ip
terminal dues,stakeholder,trade agreement,related student,track
things,storage,trafficking,safety battery,trade related
training,substantive,trans,security,trademark
transportation,substantive procedural,trans pacific,services,united
transportation housing,surveillance,transactional,state,united states
transportation including,surveillance programs,transactional records,student,use
uavs,tax policy,us,student privacy,visa
urban,terrorism,use,textbooks,visas
urban development,track,venue,track,visas visas
us,track online,video competition,video programming,white
vehicles uavs,us,video programming,workforce,wto agreement
video net,usa,workplace,workplace,xbox
world,usa freedom,workplace policies,workplace issues,youth
